문항번호,원문항,feature,문항,답,코드,n,비율%,실제 고부담%,최고부담,고부담,중간부담,저부담,부담없음,고부담쪽 밀기,신뢰
1,G8,daily_routine_satisfaction,당사자는 요즘 하루하루의 일과를 어떻게 느끼고 있나요?,해당사항 없음,-1,3,0.13,100.0,-0.001,0.2937,-0.2012,-0.0853,-0.0061,0.3841,낮음(표본<30)
1,G8,daily_routine_satisfaction,당사자는 요즘 하루하루의 일과를 어떻게 느끼고 있나요?,매우 싫어한다,1,10,0.42,100.0,0.9004,-0.2213,-0.4408,-0.2046,-0.0337,0.9173,낮음(표본<30)
1,G8,daily_routine_satisfaction,당사자는 요즘 하루하루의 일과를 어떻게 느끼고 있나요?,싫어하는 편,2,82,3.42,73.2,0.1014,0.0107,0.0897,-0.3302,0.1283,0.314,보통
1,G8,daily_routine_satisfaction,당사자는 요즘 하루하루의 일과를 어떻게 느끼고 있나요?,보통,3,860,35.86,64.1,0.1219,0.3188,0.5859,-0.1954,-0.8313,1.4675,보통
1,G8,daily_routine_satisfaction,당사자는 요즘 하루하루의 일과를 어떻게 느끼고 있나요?,좋아하는 편,4,1220,50.88,48.0,-0.5014,-0.044,0.3422,0.3223,-0.1191,-0.7486,보통
1,G8,daily_routine_satisfaction,당사자는 요즘 하루하루의 일과를 어떻게 느끼고 있나요?,매우 좋아한다,5,223,9.3,42.2,-0.601,-0.3108,-0.3374,0.4764,0.7729,-2.1611,보통
2,F5,family_support_for_employment,당사자의 취업에 대해 가족들이 어느 정도 지지하고 있나요?,해당사항 없음,-1,3,0.13,33.3,-0.4983,-0.1913,0.8764,-0.1742,-0.0126,-0.5029,낮음(표본<30)
2,F5,family_support_for_employment,당사자의 취업에 대해 가족들이 어느 정도 지지하고 있나요?,전혀 지지하지 않음,1,274,11.43,71.2,0.2679,-0.4093,-0.517,-0.0281,0.6865,-0.7998,보통
2,F5,family_support_for_employment,당사자의 취업에 대해 가족들이 어느 정도 지지하고 있나요?,별로 지지하지 않음,2,378,15.76,66.1,-0.1293,0.1858,-0.2455,0.0578,0.1311,-0.1325,보통
2,F5,family_support_for_employment,당사자의 취업에 대해 가족들이 어느 정도 지지하고 있나요?,보통,3,357,14.89,59.4,0.0991,0.3053,0.1233,-0.6936,0.166,0.9319,보통
2,F5,family_support_for_employment,당사자의 취업에 대해 가족들이 어느 정도 지지하고 있나요?,지지하는 편,4,687,28.65,50.8,0.0868,0.2834,0.1052,0.4072,-0.8826,0.8456,보통
2,F5,family_support_for_employment,당사자의 취업에 대해 가족들이 어느 정도 지지하고 있나요?,매우 지지함,5,699,29.15,42.3,0.1942,-0.1268,-0.304,0.4141,-0.1775,-0.1693,보통
3,G6,help_needed_hours,돌보고 계신 당사자에게 하루 중 어느 정도의 도움이 필요한가요?,일과 대부분(하루 12시간 이상),1,510,21.27,81.2,0.6898,0.4336,-0.3095,-0.2019,-0.612,1.9371,보통
3,G6,help_needed_hours,돌보고 계신 당사자에게 하루 중 어느 정도의 도움이 필요한가요?,하루 절반 정도,2,419,17.47,70.9,0.3994,0.2884,-0.0394,-0.345,-0.3033,1.3362,보통
3,G6,help_needed_hours,돌보고 계신 당사자에게 하루 중 어느 정도의 도움이 필요한가요?,하루 몇 시간 정도,3,512,21.35,55.7,0.1248,0.0228,0.1022,0.0876,-0.3374,0.3973,보통
3,G6,help_needed_hours,돌보고 계신 당사자에게 하루 중 어느 정도의 도움이 필요한가요?,아주 잠깐이면 충분,4,329,13.72,41.6,-0.5415,0.009,0.3213,0.1338,0.0774,-0.7437,보통
3,G6,help_needed_hours,돌보고 계신 당사자에게 하루 중 어느 정도의 도움이 필요한가요?,도움이 필요하지 않음,5,628,26.19,27.1,-0.6521,-0.7066,-0.0363,0.3088,1.0863,-2.7537,보통
4,I4,household_head_type,가구의 생계를 주로 책임지는 분은 누구인가요?,아버지,1,1288,53.71,55.3,-0.3737,0.0927,0.2589,0.2042,-0.1821,-0.3031,보통
4,I4,household_head_type,가구의 생계를 주로 책임지는 분은 누구인가요?,어머니,2,515,21.48,64.3,0.0366,0.2053,0.2266,0.1315,-0.6,0.7105,보통
4,I4,household_head_type,가구의 생계를 주로 책임지는 분은 누구인가요?,장애인 당사자,3,268,11.18,33.2,-0.355,-0.179,0.1722,0.47,-0.1083,-0.8956,보통
4,I4,household_head_type,가구의 생계를 주로 책임지는 분은 누구인가요?,형제자매,4,115,4.8,53.9,-0.5,-0.2186,0.2194,-0.1458,0.645,-1.2178,보통
4,I4,household_head_type,가구의 생계를 주로 책임지는 분은 누구인가요?,조부모,5,35,1.46,57.1,-0.0222,-0.0962,-0.7394,0.3795,0.4783,-0.9762,보통
4,I4,household_head_type,가구의 생계를 주로 책임지는 분은 누구인가요?,배우자,6,121,5.05,46.3,-0.4077,0.2101,-0.2127,0.2653,0.145,-0.6079,보통
4,I4,household_head_type,가구의 생계를 주로 책임지는 분은 누구인가요?,자녀,7,29,1.21,62.1,1.2697,-0.188,0.1095,-1.1999,0.0086,2.273,낮음(표본<30)
4,I4,household_head_type,가구의 생계를 주로 책임지는 분은 누구인가요?,기타,8,27,1.13,55.6,0.3726,0.2206,0.0038,-0.1215,-0.4755,1.1903,낮음(표본<30)
5,E4,last_job_quit_reason,(일을 그만둔 적이 있다면) 마지막 일자리를 그만둔 가장 큰 이유는 무엇인가요?,해당사항 없음,-1,2114,88.16,55.0,-0.1285,-0.1592,-0.0614,0.1021,0.247,-0.6369,보통
5,E4,last_job_quit_reason,(일을 그만둔 적이 있다면) 마지막 일자리를 그만둔 가장 큰 이유는 무엇인가요?,계약 종료,1,9,0.38,33.3,0.4591,-0.7228,-0.0042,0.3752,-0.1074,-0.5315,낮음(표본<30)
5,E4,last_job_quit_reason,(일을 그만둔 적이 있다면) 마지막 일자리를 그만둔 가장 큰 이유는 무엇인가요?,건강 문제,2,14,0.58,42.9,-0.6374,0.3186,0.1947,0.3381,-0.214,-0.4429,낮음(표본<30)
5,E4,last_job_quit_reason,(일을 그만둔 적이 있다면) 마지막 일자리를 그만둔 가장 큰 이유는 무엇인가요?,임금이 맞지 않아서,3,57,2.38,47.4,-0.0496,0.0957,-0.527,0.3671,0.1137,-0.4347,보통
5,E4,last_job_quit_reason,(일을 그만둔 적이 있다면) 마지막 일자리를 그만둔 가장 큰 이유는 무엇인가요?,적성에 맞지 않아서,4,14,0.58,42.9,-0.2558,0.1201,0.1842,-0.3424,0.2938,-0.0871,낮음(표본<30)
5,E4,last_job_quit_reason,(일을 그만둔 적이 있다면) 마지막 일자리를 그만둔 가장 큰 이유는 무엇인가요?,출퇴근 거리,5,28,1.17,46.4,0.3378,-0.1471,0.2619,-0.0619,-0.3907,0.6433,낮음(표본<30)
5,E4,last_job_quit_reason,(일을 그만둔 적이 있다면) 마지막 일자리를 그만둔 가장 큰 이유는 무엇인가요?,직장 내 차별·괴롭힘,6,36,1.5,41.7,-0.218,0.1073,0.088,0.4687,-0.446,-0.1334,보통
5,E4,last_job_quit_reason,(일을 그만둔 적이 있다면) 마지막 일자리를 그만둔 가장 큰 이유는 무엇인가요?,업무가 너무 힘들어서,7,23,0.96,60.9,-0.3375,0.1677,-0.4996,0.4458,0.2236,-0.8392,낮음(표본<30)
5,E4,last_job_quit_reason,(일을 그만둔 적이 있다면) 마지막 일자리를 그만둔 가장 큰 이유는 무엇인가요?,동료·상사와의 관계,8,17,0.71,58.8,-0.0024,0.2344,0.1421,-0.1307,-0.2435,0.6061,낮음(표본<30)
5,E4,last_job_quit_reason,(일을 그만둔 적이 있다면) 마지막 일자리를 그만둔 가장 큰 이유는 무엇인가요?,근무 시간이 맞지 않아서,9,27,1.13,55.6,-0.1172,0.0272,0.1082,0.3828,-0.401,-0.0717,낮음(표본<30)
5,E4,last_job_quit_reason,(일을 그만둔 적이 있다면) 마지막 일자리를 그만둔 가장 큰 이유는 무엇인가요?,가족 돌봄이 필요해서,10,6,0.25,83.3,0.0698,0.7028,-0.2005,-0.4367,-0.1354,1.3446,낮음(표본<30)
5,E4,last_job_quit_reason,(일을 그만둔 적이 있다면) 마지막 일자리를 그만둔 가장 큰 이유는 무엇인가요?,더 좋은 일자리를 찾아서,11,5,0.21,40.0,0.3632,-0.478,-0.3793,0.5464,-0.0524,-0.6088,낮음(표본<30)
5,E4,last_job_quit_reason,(일을 그만둔 적이 있다면) 마지막 일자리를 그만둔 가장 큰 이유는 무엇인가요?,사업체 휴·폐업,12,29,1.21,65.5,0.8344,0.0338,-0.2234,-1.0549,0.4101,1.5131,낮음(표본<30)
5,E4,last_job_quit_reason,(일을 그만둔 적이 있다면) 마지막 일자리를 그만둔 가장 큰 이유는 무엇인가요?,권고사직·해고,13,12,0.5,33.3,0.1088,-0.1413,0.2239,-0.9896,0.7982,0.1588,낮음(표본<30)
5,E4,last_job_quit_reason,(일을 그만둔 적이 있다면) 마지막 일자리를 그만둔 가장 큰 이유는 무엇인가요?,학업·훈련 때문에,14,4,0.17,25.0,-0.1925,-0.1183,0.1324,0.3046,-0.1262,-0.4893,낮음(표본<30)
5,E4,last_job_quit_reason,(일을 그만둔 적이 있다면) 마지막 일자리를 그만둔 가장 큰 이유는 무엇인가요?,기타,15,3,0.13,33.3,-0.2139,0.0061,0.5982,-0.3314,-0.0591,0.1828,낮음(표본<30)
6,A1,relation_to_person,응답하시는 분은 당사자와 어떤 관계인가요?,아버지,1,334,13.93,49.7,0.4414,0.1295,-0.1777,-0.1037,-0.2895,0.9642,보통
6,A1,relation_to_person,응답하시는 분은 당사자와 어떤 관계인가요?,어머니,2,1523,63.51,58.7,0.5314,0.2113,-0.2998,-0.2348,-0.2081,1.1856,보통
6,A1,relation_to_person,응답하시는 분은 당사자와 어떤 관계인가요?,형제자매,3,178,7.42,53.4,0.0626,0.241,-0.2551,-0.2521,0.2036,0.3522,보통
6,A1,relation_to_person,응답하시는 분은 당사자와 어떤 관계인가요?,조부모,4,49,2.04,51.0,0.3287,0.0565,0.3889,-0.7612,-0.0129,1.1593,보통
6,A1,relation_to_person,응답하시는 분은 당사자와 어떤 관계인가요?,배우자,5,138,5.75,42.8,0.3912,-0.3856,0.0402,0.0052,-0.051,0.0514,보통
6,A1,relation_to_person,응답하시는 분은 당사자와 어떤 관계인가요?,자녀,6,53,2.21,37.7,-0.7603,-0.0452,-0.2096,0.6174,0.3976,-1.8204,보통
6,A1,relation_to_person,응답하시는 분은 당사자와 어떤 관계인가요?,그 외 가족,7,55,2.29,50.9,0.1627,0.1984,0.1794,0.0075,-0.5481,0.9016,보통
6,A1,relation_to_person,응답하시는 분은 당사자와 어떤 관계인가요?,가족이 아닌 보호자,8,68,2.84,23.5,-1.1374,-0.359,0.372,0.705,0.4193,-2.6208,보통
7,F1,understands_work_meaning,"당사자는 ""일을 한다""는 것의 의미를 어느 정도 이해하고 있나요?",잘 이해한다,1,619,25.81,28.8,-0.6712,-0.413,-0.134,0.3763,0.8419,-2.3024,보통
7,F1,understands_work_meaning,"당사자는 ""일을 한다""는 것의 의미를 어느 정도 이해하고 있나요?",어느 정도 이해한다,2,561,23.39,45.3,-0.2748,0.0685,0.2327,0.0931,-0.1195,-0.1799,보통
7,F1,understands_work_meaning,"당사자는 ""일을 한다""는 것의 의미를 어느 정도 이해하고 있나요?",거의 이해하지 못한다,3,485,20.23,62.9,0.2938,0.1628,0.0758,-0.5864,0.054,0.989,보통
7,F1,understands_work_meaning,"당사자는 ""일을 한다""는 것의 의미를 어느 정도 이해하고 있나요?",전혀 이해하지 못한다,4,733,30.57,77.2,0.6726,0.2287,-0.1361,0.1003,-0.8655,1.6665,보통
